horizon,model,n,mae,p50_abs_error,p90_abs_error,p95_abs_error,max_abs_error
15m,lightgbm,8640,1.224087825205643,0.9580520966488919,2.5819924636368814,3.168279986618885,12.227949641783333
240m,lightgbm,8640,1.30163504354461,1.0286578837994025,2.72850043453535,3.354078038698118,12.025987077826912
60m,lightgbm,8640,1.271741888746144,0.9885519539979626,2.6252704235613757,3.3026573791200056,13.573328995318573
