{
  "15m": [
    28.310319403652308,
    21.85455716888473,
    34.7911362603202,
    39.54597603947855,
    32.77057723654074
  ],
  "60m": [
    29.258771925050038,
    22.32952343734919,
    35.950887431952594,
    40.494417196306124,
    32.72192360316476
  ],
  "240m": [
    29.692676850777136,
    22.417184089993693,
    35.34365426763688,
    40.95503426558884,
    33.0275325566211
  ]
}